{
  "feature": "rubber_tires:kaolin_disk_config",
  "placement": [
    {
      "type": "minecraft:rarity_filter",
      "chance": 32
    },
    {
      "type": "minecraft:count",
      "count": 2
    },
    {
      "type": "minecraft:in_square"
    },
    {
      "type": "minecraft:heightmap",
      "heightmap": "OCEAN_FLOOR_WG"
    },
    {
      "type": "minecraft:surface_water_depth_filter",
      "max_water_depth": 8
    },
    {
      "type": "minecraft:environment_scan",
      "direction_of_search": "up",
      "max_steps": 4,
      "target_condition": {
        "type": "minecraft:matching_fluids",
        "fluids": [
          "minecraft:water"
        ]
      },
      "allowed_search_condition": {
        "type": "minecraft:always_true"
      }
    }
  ]
}