{
	"textures": {
		"3": "rubber_tires:block/tire_tread",
		"particle": "rubber_tires:block/tire_tread"
	},
	"elements": [
		{
			"from": [2.5, 17, 3],
			"to": [13.5, 21, 13],
			"rotation": {"angle": 0, "axis": "z", "origin": [8, 8, 8]},
			"faces": {
				"north": {"uv": [11, 3, 10, 4], "texture": "#3"},
				"east": {"uv": [11, 3, 10, 4], "texture": "#3"},
				"south": {"uv": [11, 3, 10, 4], "texture": "#3"},
				"west": {"uv": [11, 3, 10, 4], "texture": "#3"},
				"up": {"uv": [11, 3, 10, 4], "texture": "#3"},
				"down": {"uv": [11, 3, 10, 4], "texture": "#3"}
			}
		},
		{
			"from": [2.5, -5, 3],
			"to": [13.5, -1, 13],
			"rotation": {"angle": 0, "axis": "z", "origin": [8, 8, 8]},
			"faces": {
				"north": {"uv": [11, 3, 10, 4], "texture": "#3"},
				"east": {"uv": [11, 3, 10, 4], "texture": "#3"},
				"south": {"uv": [11, 3, 10, 4], "texture": "#3"},
				"west": {"uv": [11, 3, 10, 4], "texture": "#3"},
				"up": {"uv": [11, 3, 10, 4], "texture": "#3"},
				"down": {"uv": [11, 3, 10, 4], "texture": "#3"}
			}
		},
		{
			"from": [17, 2.5, 3],
			"to": [21, 13.5, 13],
			"rotation": {"angle": 0, "axis": "z", "origin": [8, 8, 8]},
			"faces": {
				"north": {"uv": [11, 3, 10, 4], "texture": "#3"},
				"east": {"uv": [11, 3, 10, 4], "texture": "#3"},
				"south": {"uv": [11, 3, 10, 4], "texture": "#3"},
				"west": {"uv": [11, 3, 10, 4], "texture": "#3"},
				"up": {"uv": [11, 3, 10, 4], "texture": "#3"},
				"down": {"uv": [11, 3, 10, 4], "texture": "#3"}
			}
		},
		{
			"from": [-5, 2.5, 3],
			"to": [-1, 13.5, 13],
			"rotation": {"angle": 0, "axis": "z", "origin": [8, 8, 8]},
			"faces": {
				"north": {"uv": [11, 3, 10, 4], "texture": "#3"},
				"east": {"uv": [11, 3, 10, 4], "texture": "#3"},
				"south": {"uv": [11, 3, 10, 4], "texture": "#3"},
				"west": {"uv": [11, 3, 10, 4], "texture": "#3"},
				"up": {"uv": [11, 3, 10, 4], "texture": "#3"},
				"down": {"uv": [11, 3, 10, 4], "texture": "#3"}
			}
		},
		{
			"from": [2.5, 17, 3],
			"to": [13.5, 21, 13],
			"rotation": {"angle": 45, "axis": "z", "origin": [8, 8, 8]},
			"faces": {
				"north": {"uv": [11, 3, 10, 4], "texture": "#3"},
				"east": {"uv": [11, 3, 10, 4], "texture": "#3"},
				"south": {"uv": [11, 3, 10, 4], "texture": "#3"},
				"west": {"uv": [11, 3, 10, 4], "texture": "#3"},
				"up": {"uv": [11, 3, 10, 4], "texture": "#3"},
				"down": {"uv": [11, 3, 10, 4], "texture": "#3"}
			}
		},
		{
			"from": [2.5, -5, 3],
			"to": [13.5, -1, 13],
			"rotation": {"angle": 45, "axis": "z", "origin": [8, 8, 8]},
			"faces": {
				"north": {"uv": [11, 3, 10, 4], "texture": "#3"},
				"east": {"uv": [11, 3, 10, 4], "texture": "#3"},
				"south": {"uv": [11, 3, 10, 4], "texture": "#3"},
				"west": {"uv": [11, 3, 10, 4], "texture": "#3"},
				"up": {"uv": [11, 3, 10, 4], "texture": "#3"},
				"down": {"uv": [11, 3, 10, 4], "texture": "#3"}
			}
		},
		{
			"from": [-5, 2.5, 3],
			"to": [-1, 13.5, 13],
			"rotation": {"angle": 45, "axis": "z", "origin": [8, 8, 8]},
			"faces": {
				"north": {"uv": [11, 3, 10, 4], "texture": "#3"},
				"east": {"uv": [11, 3, 10, 4], "texture": "#3"},
				"south": {"uv": [11, 3, 10, 4], "texture": "#3"},
				"west": {"uv": [11, 3, 10, 4], "texture": "#3"},
				"up": {"uv": [11, 3, 10, 4], "texture": "#3"},
				"down": {"uv": [11, 3, 10, 4], "texture": "#3"}
			}
		},
		{
			"from": [17, 2.5, 3],
			"to": [21, 13.5, 13],
			"rotation": {"angle": 45, "axis": "z", "origin": [8, 8, 8]},
			"faces": {
				"north": {"uv": [11, 3, 10, 4], "texture": "#3"},
				"east": {"uv": [11, 3, 10, 4], "texture": "#3"},
				"south": {"uv": [11, 3, 10, 4], "texture": "#3"},
				"west": {"uv": [11, 3, 10, 4], "texture": "#3"},
				"up": {"uv": [11, 3, 10, 4], "texture": "#3"},
				"down": {"uv": [11, 3, 10, 4], "texture": "#3"}
			}
		},
		{
			"from": [-1, -1, 5],
			"to": [17, 17, 11],
			"rotation": {"angle": 0, "axis": "y", "origin": [8, 8, 8]},
			"faces": {
				"north": {"uv": [11, 3, 10, 4], "texture": "#3"},
				"east": {"uv": [11, 3, 10, 4], "texture": "#3"},
				"south": {"uv": [11, 3, 10, 4], "texture": "#3"},
				"west": {"uv": [11, 3, 10, 4], "texture": "#3"},
				"up": {"uv": [11, 3, 10, 4], "texture": "#3"},
				"down": {"uv": [11, 3, 10, 4], "texture": "#3"}
			}
		},
		{
			"from": [6, 6, 2],
			"to": [10, 10, 14],
			"rotation": {"angle": 0, "axis": "y", "origin": [8, 8, 8]},
			"faces": {
				"north": {"uv": [10, 8, 11, 9], "texture": "#3"},
				"east": {"uv": [10, 8, 11, 9], "texture": "#3"},
				"south": {"uv": [10, 8, 11, 9], "texture": "#3"},
				"west": {"uv": [10, 8, 11, 9], "texture": "#3"},
				"up": {"uv": [10, 8, 11, 9], "texture": "#3"},
				"down": {"uv": [10, 8, 11, 9], "texture": "#3"}
			}
		}
	]
}