{
    "parent": "block/block",
    "textures": {
        "metal": "rubber_tires:block/porcelain",
        "rubber": "rubber_tires:block/tire_rubber",
        "tread": "rubber_tires:block/tire_tread"
    },
    "elements": [
        {
            "from": [2, 2, 2],
            "to": [14, 14, 14],

            "faces": {
                "north": {"texture": "#metal"},
                "south": {"texture": "#metal"},
                "east": {"texture": "#metal"},
                "west": {"texture": "#metal"},
                "up": {"texture": "#metal"},
                "down": {"texture": "#metal"}
            }
        },
        {
            "from": [-2, 6, 2],
            "to": [18, 10, 14],

            "faces": {
                "north": {"texture": "#metal"},
                "south": {"texture": "#metal"},
                "east": {"texture": "#metal"},
                "west": {"texture": "#metal"},
                "up": {"texture": "#metal"},
                "down": {"texture": "#metal"}
            }
        },
        {
            "from": [6, -2, 2],
            "to": [10, 18, 14],

            "faces": {
                "north": {"texture": "#metal"},
                "south": {"texture": "#metal"},
                "east": {"texture": "#metal"},
                "west": {"texture": "#metal"},
                "up": {"texture": "#metal"},
                "down": {"texture": "#metal"}
            }
        },
        {
            "from": [-10, -10, 4],
            "to": [26, 26, 12],

            "faces": {
                "north": {"texture": "#tread"},
                "south": {"texture": "#tread"},
                "east": {"texture": "#tread"},
                "west": {"texture": "#tread"},
                "up": {"texture": "#tread"},
                "down": {"texture": "#tread"}
            }
        },
        {
            "from": [4, -14, 4],
            "to": [12, 30, 12],

            "faces": {
                "north": {"texture": "#tread"},
                "south": {"texture": "#tread"},
                "east": {"texture": "#tread"},
                "west": {"texture": "#tread"},
                "up": {"texture": "#tread"},
                "down": {"texture": "#tread"}
            }
        },
        {
            "from": [-14, 4, 4],
            "to": [30, 12, 12],

            "faces": {
                "north": {"texture": "#tread"},
                "south": {"texture": "#tread"},
                "east": {"texture": "#tread"},
                "west": {"texture": "#tread"},
                "up": {"texture": "#tread"},
                "down": {"texture": "#tread"}
            }
        },
        {
            "from": [0, -12, 4],
            "to": [16, 28, 12],

            "faces": {
                "north": {"texture": "#tread"},
                "south": {"texture": "#tread"},
                "east": {"texture": "#tread"},
                "west": {"texture": "#tread"},
                "up": {"texture": "#tread"},
                "down": {"texture": "#tread"}
            }
        },
        {
            "from": [-12, 0, 4],
            "to": [28, 16, 12],

            "faces": {
                "north": {"texture": "#tread"},
                "south": {"texture": "#tread"},
                "east": {"texture": "#tread"},
                "west": {"texture": "#tread"},
                "up": {"texture": "#tread"},
                "down": {"texture": "#tread"}
            }
        }
    ]
}