{
    "parent": "block/block",
    "textures": {
        "metal": "rubber_tires:block/porcelain"
    },
    "elements": [
        {
            "from": [2, 2, 2],
            "to": [14, 14, 14],

            "faces": {
                "north": {"texture": "#metal"},
                "south": {"texture": "#metal"},
                "east": {"texture": "#metal"},
                "west": {"texture": "#metal"},
                "up": {"texture": "#metal"},
                "down": {"texture": "#metal"}
            }
        },
        {
            "from": [-2, 6, 2],
            "to": [18, 10, 14],

            "faces": {
                "north": {"texture": "#metal"},
                "south": {"texture": "#metal"},
                "east": {"texture": "#metal"},
                "west": {"texture": "#metal"},
                "up": {"texture": "#metal"},
                "down": {"texture": "#metal"}
            }
        },
        {
            "from": [6, -2, 2],
            "to": [10, 18, 14],

            "faces": {
                "north": {"texture": "#metal"},
                "south": {"texture": "#metal"},
                "east": {"texture": "#metal"},
                "west": {"texture": "#metal"},
                "up": {"texture": "#metal"},
                "down": {"texture": "#metal"}
            }
        }
    ]
}