{
  "variants": {
    "facing=0": {
      "model": "rubber_tires:block/wheel_rim_3",
      "x": 0,
      "y": 90,
      "z": 0
    },
    "facing=1": {
      "model": "rubber_tires:block/wheel_rim_3",
      "x": 0,
      "y": -90,
      "z": 0
    },
    "facing=2": {
      "model": "rubber_tires:block/wheel_rim_3",
      "x": 90,
      "y": 0,
      "z": 0
    },
    "facing=3": {
      "model": "rubber_tires:block/wheel_rim_3",
      "x": -90,
      "y": 0,
      "z": 0
    },
    "facing=4": {
      "model": "rubber_tires:block/wheel_rim_3",
      "x": 0,
      "y": 0,
      "z": 0
    },
    "facing=5": {
      "model": "rubber_tires:block/wheel_rim_3",
      "x": 0,
      "y": 180,
      "z": 0
    }
  }
}