{
  "feature": "rubber_tires:sulfur_deposit_config",
  "placement": [
    {
      "type": "minecraft:rarity_filter",
      "chance": 256
    },
    {
      "type": "minecraft:count",
      "count": 64
    },
    {
      "type": "minecraft:in_square"
    },
    {
      "type": "minecraft:height_range",
      "height": {
        "type": "minecraft:uniform",
        "min_inclusive": {
          "absolute": -63
        },
        "max_inclusive": {
          "absolute": -32
        }
      }
    }
  ]
}